frame_idx,image,latency_ms,memory_mb
5,frame_001201_jpg_jpg.rf.19ecc4a433664aff39da61b962b5c4b4,12.683,1293.98
6,frame_001241_jpg_jpg.rf.65bd6b424343ca37b25b4f9c0b0ff970,11.931,1294.04
7,frame_001561_jpg_jpg.rf.674a5b66502037dbc015ef8b88ee71d4,12.313,1294.05
8,frame_001621_jpg_jpg.rf.0c3362f3eef716a23d976eb9ab70fcfb,15.042,1294.05
9,frame_002081_jpg_jpg.rf.c483e85bf86890d5f2f30279ca091942,13.957,1294.14
10,frame_002301_jpg_jpg.rf.8791ff130a1a1db77ab0308b1dac87d4,13.442,1294.14
11,frame_002441_jpg_jpg.rf.7a43de9d2afd0c5187561fd0da2aa2c7,12.624,1294.14
12,frame_002621_jpg_jpg.rf.046bbd4cd352d2e1c50e9c382ea1e172,11.824,1294.14
13,frame_002881_jpg_jpg.rf.3fa542e014d7f7ed4a40002d010f0ea0,12.011,1294.14
14,frame_003141_jpg_jpg.rf.82d68b775d59de5d498c918ede1fb863,14.78,1294.15
15,frame_003421_jpg_jpg.rf.92d43976c8e781611c6e865c7eac2b3a,16.239,1294.16
16,frame_003441_jpg_jpg.rf.19ae24af23b312df12ae2faa3eac06f6,13.644,1294.16
17,frame_003581_jpg_jpg.rf.b55ba59184c800288cb9aa9e951cbbd4,12.681,1294.16
18,frame_003721_jpg_jpg.rf.4210e70fdb58a0eeec268d8bc5705136,12.481,1294.16
19,frame_003821_jpg_jpg.rf.0b4dd7cdd0db21584e1187e08fb56a4c,11.894,1294.16
20,frame_004201_jpg_jpg.rf.82c0fabba6d9ffd1c3af427faa9fccac,13.64,1294.16
21,frame_004421_jpg_jpg.rf.fa38cc7b5294da78ce91cbbd4a332fd8,17.07,1294.16
22,frame_004501_jpg_jpg.rf.b4f2de33c5cebcee803fa3fa8709807c,14.42,1294.16
23,frame_004561_jpg_jpg.rf.b985715d82aa65fcd0ddc6f410f68cce,12.468,1294.16
24,frame_004721_jpg_jpg.rf.96239d06ee95e5b586f3bf4eed74e1b8,12.088,1294.16
25,frame_004821_jpg_jpg.rf.51df8f65b677a3da2606847f49a147e9,13.244,1294.17
26,frame_005161_jpg_jpg.rf.62eb3e6cb3922cc81c25b96151a72f99,12.837,1294.17
27,frame_005461_jpg_jpg.rf.af6fbd338465ca9578dc5653488f0cd7,12.189,1294.18
28,frame_005761_jpg_jpg.rf.7cca73b2537d3dee62639dfcace6208f,13.536,1294.18
29,frame_006661_jpg_jpg.rf.f474e2cbd4dec8673e79f86e6649f8da,17.362,1294.18
30,frame_006781_jpg_jpg.rf.de136512cb5f32cfcfe1a9146342d5df,11.782,1294.18
31,frame_006841_jpg_jpg.rf.b6073702c1e478441509bd04e02a3a6b,11.849,1294.18
32,frame_007021_jpg_jpg.rf.a2f070a7ed0ad89c4ed6e9ac8add69a7,12.376,1294.18
33,frame_007081_jpg_jpg.rf.0a0230645cd8c3ce6196e7c40ef41154,12.066,1294.18
34,frame_007361_jpg_jpg.rf.642e60520cdf73a06bcb218a15c667ef,14.308,1294.18
35,frame_007641_jpg_jpg.rf.f73dd56797e5f05b09092b04e08e139a,13.735,1294.19
36,frame_007701_jpg_jpg.rf.f2fc4fea4d185de24542a51720504662,13.163,1294.19
37,frame_007761_jpg_jpg.rf.8235be3662f80ba004c136a487762898,13.18,1294.19
38,frame_007981_jpg_jpg.rf.dee5a8c68ba97a38565936ff4a16a15c,13.62,1294.19
39,frame_008101_jpg_jpg.rf.4f4032482d2c79711a0a41d880a55b7c,13.04,1294.2
40,frame_008281_jpg_jpg.rf.327fa0cddf3eb93f55a6baffb19bf9b3,20.867,1294.2
41,frame_008461_jpg_jpg.rf.108d10964a0aa29c3d43fa1284a88eca,23.14,1294.2
42,frame_008481_jpg_jpg.rf.ad55e7a40f73720328d4ce2023330641,14.634,1294.2
43,frame_008661_jpg_jpg.rf.49954c86f9c7e887be0128405009cd0b,20.338,1294.2
44,frame_008921_jpg_jpg.rf.af6f1686897b859e3b813726cdcf5da7,12.836,1294.2
